﻿,Track.Name,Artist.Name,Explicit Language
1,Señorita,Shawn Mendes,true
2,China,Anuel AA,true
3,boyfriend (with Social House),Ariana Grande,true
4,Beautiful People (feat. Khalid),Ed Sheeran,true
5,Goodbyes (Feat. Young Thug),Post Malone,false
6,I Don't Care (with Justin Bieber),Ed Sheeran,false
7,Ransom,Lil Tecca,false
8,How Do You Sleep?,Sam Smith,false
9,Old Town Road - Remix,Lil Nas X,false
10,bad guy,Billie Eilish,false
11,Callaita,Bad Bunny,false
12,Loco Contigo (feat. J. Balvin & Tyga),DJ Snake,false
13,Someone You Loved,Lewis Capaldi,false
14,Otro Trago - Remix,Sech,false
15,Money In The Grave (Drake ft. Rick Ross),Drake,false
16,No Guidance (feat. Drake),Chris Brown,false
17,LA CANCIÓN,J Balvin,false
18,Sunflower - Spider-Man: Into the Spider-Verse,Post Malone,false
19,Lalala,Y2K,false
20,Truth Hurts,Lizzo,false
21,Piece Of Your Heart,MEDUZA,false
22,Panini,Lil Nas X,false
23,No Me Conoce - Remix,Jhay Cortez,false
24,Soltera - Remix,Lunay,false
25,bad guy (with Justin Bieber),Billie Eilish,false
26,If I Can't Have You,Shawn Mendes,true
27,Dance Monkey,Tones and I,true
28,It's You,Ali Gatie,true
29,Con Calma,Daddy Yankee,true
30,QUE PRETENDES,J Balvin,true
31,Takeaway,The Chainsmokers,true
32,7 rings,Ariana Grande,true
33,0.958333333,Maluma,true
34,The London (feat. J. Cole & Travis Scott),Young Thug,true
35,Never Really Over,Katy Perry,false
36,Summer Days (feat. Macklemore & Patrick Stump of Fall Out Boy),Martin Garrix,false
37,Otro Trago,Sech,false
38,Antisocial (with Travis Scott),Ed Sheeran,false
39,Sucker,Jonas Brothers,false
40,"fuck, i'm lonely (with Anne-Marie) - from “13 Reasons Why: Season 3”",Lauv,false
41,Higher Love,Kygo,false
42,You Need To Calm Down,Taylor Swift,false
43,Shallow,Lady Gaga,false
44,Talk,Khalid,false
45,Con Altura,ROSALÍA,true
46,One Thing Right,Marshmello,true
47,Te Robaré,Nicky Jam,true
48,Happier,Marshmello,true
49,Call You Mine,The Chainsmokers,true
50,Cross Me (feat. Chance the Rapper & PnB Rock),Ed Sheeran,true